{
  "negative": {
    "precision": 0.6,
    "recall": 0.5454545454545454,
    "f1-score": 0.5714285714285714,
    "support": 11.0
  },
  "neutral": {
    "precision": 0.0,
    "recall": 0.0,
    "f1-score": 0.0,
    "support": 2.0
  },
  "positive": {
    "precision": 0.25,
    "recall": 0.5,
    "f1-score": 0.3333333333333333,
    "support": 2.0
  },
  "sarcastic_negative": {
    "precision": 0.42857142857142855,
    "recall": 0.42857142857142855,
    "f1-score": 0.42857142857142855,
    "support": 7.0
  },
  "accuracy": 0.45454545454545453,
  "macro avg": {
    "precision": 0.3196428571428571,
    "recall": 0.3685064935064935,
    "f1-score": 0.3333333333333333,
    "support": 22.0
  },
  "weighted avg": {
    "precision": 0.45909090909090905,
    "recall": 0.45454545454545453,
    "f1-score": 0.4523809523809524,
    "support": 22.0
  }
}