{
  "negative": {
    "precision": 0.8055555555555556,
    "recall": 0.7631578947368421,
    "f1-score": 0.7837837837837838,
    "support": 114.0
  },
  "neutral": {
    "precision": 0.6086956521739131,
    "recall": 0.5185185185185185,
    "f1-score": 0.56,
    "support": 27.0
  },
  "positive": {
    "precision": 0.6730769230769231,
    "recall": 0.6363636363636364,
    "f1-score": 0.6542056074766355,
    "support": 55.0
  },
  "sarcastic_negative": {
    "precision": 0.7142857142857143,
    "recall": 0.7964601769911505,
    "f1-score": 0.7531380753138075,
    "support": 113.0
  },
  "accuracy": 0.7313915857605178,
  "macro avg": {
    "precision": 0.7004034612730266,
    "recall": 0.6786250566525368,
    "f1-score": 0.6877818666435567,
    "support": 309.0
  },
  "weighted avg": {
    "precision": 0.7313968686910858,
    "recall": 0.7313915857605178,
    "f1-score": 0.7299587775826103,
    "support": 309.0
  }
}