{
  "negative": {
    "precision": 0.8478260869565217,
    "recall": 0.7428571428571429,
    "f1-score": 0.7918781725888325,
    "support": 105.0
  },
  "neutral": {
    "precision": 0.65,
    "recall": 0.5652173913043478,
    "f1-score": 0.6046511627906976,
    "support": 23.0
  },
  "positive": {
    "precision": 0.6923076923076923,
    "recall": 0.6792452830188679,
    "f1-score": 0.6857142857142857,
    "support": 53.0
  },
  "sarcastic_negative": {
    "precision": 0.6666666666666666,
    "recall": 0.7912087912087912,
    "f1-score": 0.7236180904522613,
    "support": 91.0
  },
  "accuracy": 0.7316176470588235,
  "macro avg": {
    "precision": 0.7142001114827202,
    "recall": 0.6946321520972873,
    "f1-score": 0.7014654278865192,
    "support": 272.0
  },
  "weighted avg": {
    "precision": 0.7401864466522394,
    "recall": 0.7316176470588235,
    "f1-score": 0.7325231185295087,
    "support": 272.0
  }
}